id,author,body,score,comment_karma,created_utc,parent_id,link_id,permalink,is_submitter,distinguished,stickied
ktqrtl3,xYszim,league üö©üö©üö©(i play league),165,313.0,1709803025.0,t3_1b8p9zk,t3_1b8p9zk,/r/UCSantaBarbara/comments/1b8p9zk/looking_for_someone_to_date_my_roommate_please/ktqrtl3/,False,,False
ktr0t52,None,[deleted],87,,1709809437.0,t3_1b8p9zk,t3_1b8p9zk,/r/UCSantaBarbara/comments/1b8p9zk/looking_for_someone_to_date_my_roommate_please/ktr0t52/,False,,False
ktqoi1i,WeddingLucky4495,"If he can‚Äôt find any women due to being a league player, there are men (me, i am men) who are interested üòé",151,16789.0,1709800562.0,t3_1b8p9zk,t3_1b8p9zk,/r/UCSantaBarbara/comments/1b8p9zk/looking_for_someone_to_date_my_roommate_please/ktqoi1i/,False,,False
ktrtjj5,laniel__,Rent out a hotel OP because you aren‚Äôt getting your peace and quiet anytime soon,50,464.0,1709822994.0,t3_1b8p9zk,t3_1b8p9zk,/r/UCSantaBarbara/comments/1b8p9zk/looking_for_someone_to_date_my_roommate_please/ktrtjj5/,False,,False
ktqr35j,None,"With gymflation hitting it off with loner boys these days, this sounds like every engineering major",78,,1709802480.0,t3_1b8p9zk,t3_1b8p9zk,/r/UCSantaBarbara/comments/1b8p9zk/looking_for_someone_to_date_my_roommate_please/ktqr35j/,False,,False
ktqvxth,Sweet_Guava925,does he know you posted this loll,33,26.0,1709806046.0,t3_1b8p9zk,t3_1b8p9zk,/r/UCSantaBarbara/comments/1b8p9zk/looking_for_someone_to_date_my_roommate_please/ktqvxth/,False,,False
ktqpqo5,OkTransportation1622,Sounds to me like you just want to get rid of him so you can have the place to yourself lmao. How does he feel about you pimping him out like this?,66,3401.0,1709801479.0,t3_1b8p9zk,t3_1b8p9zk,/r/UCSantaBarbara/comments/1b8p9zk/looking_for_someone_to_date_my_roommate_please/ktqpqo5/,False,,False
ktsy81x,yihsienhsieh,you sure it's your roommate or is it just you?,19,31.0,1709837032.0,t3_1b8p9zk,t3_1b8p9zk,/r/UCSantaBarbara/comments/1b8p9zk/looking_for_someone_to_date_my_roommate_please/ktsy81x/,False,,False
ktt0lem,cartheonn,"Be honest.  Are you ""asking for a friend?""",21,10251.0,1709837828.0,t3_1b8p9zk,t3_1b8p9zk,/r/UCSantaBarbara/comments/1b8p9zk/looking_for_someone_to_date_my_roommate_please/ktt0lem/,False,,False
kttzwm4,notsoulvalentine,does he like men?,12,62421.0,1709850858.0,t3_1b8p9zk,t3_1b8p9zk,/r/UCSantaBarbara/comments/1b8p9zk/looking_for_someone_to_date_my_roommate_please/kttzwm4/,False,,False
ktskm1j,None,[deleted],10,,1709832614.0,t3_1b8p9zk,t3_1b8p9zk,/r/UCSantaBarbara/comments/1b8p9zk/looking_for_someone_to_date_my_roommate_please/ktskm1j/,False,,False
ktv1t6x,thnkngabthippocampus,Sometimes people have a second vice is killing me,9,2121.0,1709866462.0,t3_1b8p9zk,t3_1b8p9zk,/r/UCSantaBarbara/comments/1b8p9zk/looking_for_someone_to_date_my_roommate_please/ktv1t6x/,False,,False
ktsdocu,SundaeSpecial3537,"my friend will be perfect for u she's a second year, 20 and loves kdrama",7,4.0,1709830322.0,t3_1b8p9zk,t3_1b8p9zk,/r/UCSantaBarbara/comments/1b8p9zk/looking_for_someone_to_date_my_roommate_please/ktsdocu/,False,,False
ktwzyhp,SZ10117,Is there a signing bonus?,7,78.0,1709906457.0,t3_1b8p9zk,t3_1b8p9zk,/r/UCSantaBarbara/comments/1b8p9zk/looking_for_someone_to_date_my_roommate_please/ktwzyhp/,False,,False
ktsyvwn,beggingpleze23,op i could help you get him set up with my roommate and we can recreate set it up movie plot romance plot you and me op,7,748.0,1709837253.0,t3_1b8p9zk,t3_1b8p9zk,/r/UCSantaBarbara/comments/1b8p9zk/looking_for_someone_to_date_my_roommate_please/ktsyvwn/,False,,False
ktv0s7h,shootingstar_9324,"So you are looking for a woman who would essentially be like his mother aka ‚Äúproject boyfriend‚Äù. Run for the hills ladies, he needs to grow up by himself.",7,277.0,1709866059.0,t3_1b8p9zk,t3_1b8p9zk,/r/UCSantaBarbara/comments/1b8p9zk/looking_for_someone_to_date_my_roommate_please/ktv0s7h/,False,,False
kttse3p,kegman83,Isla Vista has changed.,18,297454.0,1709848311.0,t3_1b8p9zk,t3_1b8p9zk,/r/UCSantaBarbara/comments/1b8p9zk/looking_for_someone_to_date_my_roommate_please/kttse3p/,False,,False
ktvgnil,Yottoisthe_motto,If he needs a milf I'm here üòè,4,2096.0,1709872710.0,t3_1b8p9zk,t3_1b8p9zk,/r/UCSantaBarbara/comments/1b8p9zk/looking_for_someone_to_date_my_roommate_please/ktvgnil/,False,,False
ktrbkgq,BearsBeetsBttlstarrG,You want to make your pothead roommate you chose to live with be someone else‚Äôs problem? Lol,20,106051.0,1709815505.0,t3_1b8p9zk,t3_1b8p9zk,/r/UCSantaBarbara/comments/1b8p9zk/looking_for_someone_to_date_my_roommate_please/ktrbkgq/,False,,False
ktvcqds,None,I‚Äôll e date him so he will stay in the dorm forever!,3,,1709870934.0,t3_1b8p9zk,t3_1b8p9zk,/r/UCSantaBarbara/comments/1b8p9zk/looking_for_someone_to_date_my_roommate_please/ktvcqds/,False,,False
ktu7lps,cokeinaglass,‚ÄúHe is good at watching TV‚Äù what???,7,39.0,1709853779.0,t3_1b8p9zk,t3_1b8p9zk,/r/UCSantaBarbara/comments/1b8p9zk/looking_for_someone_to_date_my_roommate_please/ktu7lps/,False,,False
ktt5h0l,dininghallperson,OP not to sound harsh but here's the critical question: What about this man would make him attractive to a woman?,8,5101.0,1709840439.0,t3_1b8p9zk,t3_1b8p9zk,/r/UCSantaBarbara/comments/1b8p9zk/looking_for_someone_to_date_my_roommate_please/ktt5h0l/,False,,False
ktsua62,SHNZDD,"buy me a drink pls my further bf,gonna carry you with Darius and sett ,sorry,I mean I ll play the nami",3,377.0,1709835745.0,t3_1b8p9zk,t3_1b8p9zk,/r/UCSantaBarbara/comments/1b8p9zk/looking_for_someone_to_date_my_roommate_please/ktsua62/,False,,False
ktudehn,Psychedelickaleido69,Ehhh I see why he‚Äôs single üö©üö©üö©üö©üö©üö©üö©,3,12.0,1709856639.0,t3_1b8p9zk,t3_1b8p9zk,/r/UCSantaBarbara/comments/1b8p9zk/looking_for_someone_to_date_my_roommate_please/ktudehn/,False,,False
ktv602r,No-Translator-4487,I VOLUNTEER üôèüôè,3,74.0,1709868136.0,t3_1b8p9zk,t3_1b8p9zk,/r/UCSantaBarbara/comments/1b8p9zk/looking_for_someone_to_date_my_roommate_please/ktv602r/,False,,False
ktvt4de,None,[deleted],3,,1709879153.0,t3_1b8p9zk,t3_1b8p9zk,/r/UCSantaBarbara/comments/1b8p9zk/looking_for_someone_to_date_my_roommate_please/ktvt4de/,False,,False
kty6ezn,artistpainterdev,this whole thing made me laugh. Thank you. Please keep us posted. I‚Äôm rooting for you both.,3,142.0,1709921162.0,t3_1b8p9zk,t3_1b8p9zk,/r/UCSantaBarbara/comments/1b8p9zk/looking_for_someone_to_date_my_roommate_please/kty6ezn/,False,,False
ku1drt8,Difficult-Yam7022,"I dont trust it. A cs/math/physics guy who showers and brushes his teeth?? No way.
-engineering girl",3,76.0,1709967085.0,t3_1b8p9zk,t3_1b8p9zk,/r/UCSantaBarbara/comments/1b8p9zk/looking_for_someone_to_date_my_roommate_please/ku1drt8/,False,,False
ku9lpf2,glitteryvodka,i can go thru a cart in 3 days do not wanna date but tell him he can hang @ my place for smoke seshüò≠,3,932.0,1710101338.0,t3_1b8p9zk,t3_1b8p9zk,/r/UCSantaBarbara/comments/1b8p9zk/looking_for_someone_to_date_my_roommate_please/ku9lpf2/,False,,False
ktugv7u,livelaughluv23,Send me the info,2,206.0,1709858212.0,t3_1b8p9zk,t3_1b8p9zk,/r/UCSantaBarbara/comments/1b8p9zk/looking_for_someone_to_date_my_roommate_please/ktugv7u/,False,,False
ktvddel,Jafflez,How far is he willing to travel? Is he strictly monogamous?,2,73.0,1709871210.0,t3_1b8p9zk,t3_1b8p9zk,/r/UCSantaBarbara/comments/1b8p9zk/looking_for_someone_to_date_my_roommate_please/ktvddel/,False,,False
ktvujd0,Automatic-Mobile-871,Is he gay or straight? Asking for a friend,2,-8.0,1709880016.0,t3_1b8p9zk,t3_1b8p9zk,/r/UCSantaBarbara/comments/1b8p9zk/looking_for_someone_to_date_my_roommate_please/ktvujd0/,False,,False
ktw71wf,TunderOP,He and I would be great friends.,2,590.0,1709888515.0,t3_1b8p9zk,t3_1b8p9zk,/r/UCSantaBarbara/comments/1b8p9zk/looking_for_someone_to_date_my_roommate_please/ktw71wf/,False,,False
ktwvakl,lucasblack23456,League being the first vice listed warned my heart <3,2,3630.0,1709904514.0,t3_1b8p9zk,t3_1b8p9zk,/r/UCSantaBarbara/comments/1b8p9zk/looking_for_someone_to_date_my_roommate_please/ktwvakl/,False,,False
ktwzub6,SandmanD2,This is hilarity gold.,2,98661.0,1709906410.0,t3_1b8p9zk,t3_1b8p9zk,/r/UCSantaBarbara/comments/1b8p9zk/looking_for_someone_to_date_my_roommate_please/ktwzub6/,False,,False
kty07dz,lemonboy77,Lmfao not even a UCSB student but I relate to this so heavily üò≠üò≠.,2,3831.0,1709919123.0,t3_1b8p9zk,t3_1b8p9zk,/r/UCSantaBarbara/comments/1b8p9zk/looking_for_someone_to_date_my_roommate_please/kty07dz/,False,,False
ktz7bes,None,sounds like me,2,,1709933522.0,t3_1b8p9zk,t3_1b8p9zk,/r/UCSantaBarbara/comments/1b8p9zk/looking_for_someone_to_date_my_roommate_please/ktz7bes/,False,,False
ktzlgxf,honnylover,link his instagram,2,0.0,1709938513.0,t3_1b8p9zk,t3_1b8p9zk,/r/UCSantaBarbara/comments/1b8p9zk/looking_for_someone_to_date_my_roommate_please/ktzlgxf/,False,,False
ktztj4z,bobafe6604,‚ÄúProject boyfriend‚Äù lol what,2,4637.0,1709941643.0,t3_1b8p9zk,t3_1b8p9zk,/r/UCSantaBarbara/comments/1b8p9zk/looking_for_someone_to_date_my_roommate_please/ktztj4z/,False,,False
ktzzga7,Upstairs_Biscotti105,is he of the boy-liking variety?,2,49.0,1709943998.0,t3_1b8p9zk,t3_1b8p9zk,/r/UCSantaBarbara/comments/1b8p9zk/looking_for_someone_to_date_my_roommate_please/ktzzga7/,False,,False
ku0rr9d,Limp-Consequence-129,My Roomate is interested ü´£,2,3.0,1709955801.0,t3_1b8p9zk,t3_1b8p9zk,/r/UCSantaBarbara/comments/1b8p9zk/looking_for_someone_to_date_my_roommate_please/ku0rr9d/,False,,False
ku1ip8g,Own-Feedback-1721,My friend is really interested. Serious inquiry. Hit her up. Snap: stacywish¬†,2,1.0,1709970163.0,t3_1b8p9zk,t3_1b8p9zk,/r/UCSantaBarbara/comments/1b8p9zk/looking_for_someone_to_date_my_roommate_please/ku1ip8g/,False,,False
ku35hid,FeelingWilling,This is the way of the code XD,2,8.0,1710000871.0,t3_1b8p9zk,t3_1b8p9zk,/r/UCSantaBarbara/comments/1b8p9zk/looking_for_someone_to_date_my_roommate_please/ku35hid/,False,,False
ku3slqj,msnide14,"OP, I‚Äôm in northern CA, but please, take my female roommate and get her out of the house. Maybe we can alternate weekends??",2,10652.0,1710008628.0,t3_1b8p9zk,t3_1b8p9zk,/r/UCSantaBarbara/comments/1b8p9zk/looking_for_someone_to_date_my_roommate_please/ku3slqj/,False,,False
ku6t5wd,Bonhorst,You are a good friend. This is a kind gesture.,2,2802.0,1710053457.0,t3_1b8p9zk,t3_1b8p9zk,/r/UCSantaBarbara/comments/1b8p9zk/looking_for_someone_to_date_my_roommate_please/ku6t5wd/,False,,False
ku7fupy,ImpressionWitty6410,"Forgive my candar, but why are you doing this? You have very specific times you are trying to get him to vacate your shared home. Is this because you and your man want to  get freaky while he is gone. If I were your roommate and I found out you were trying to hook me up with random women online for whatever reason , you want the place to yourself,  I would be pissed. First, unless he gave you a green light to do this, which I am guessing he didn't because if he wanted to get a date in this fashion, he is capable of doing it himself. , and if he did not give you the ok to do this. Frankly  you are a very presumptuous person to assume  it is your business or your right to insert yourself in his private dating life, so you can get him out of the house for whatever you plan to do.  Unless he directly asked for your help, you're being very rude and inappropriate.  If you need time alone in your place, ask Jim directly or find a roomy better suited to your personal needs. But making his business your business, especially with the alterior motive of benefiting yourself. That's a narcissistic way of doing things because you think everything is about what's best for you, even if it's none of your business  and you don't respect his boundaries.  With all due respect, I would suggest you keep your eyes on your own paper and keep your arrogance in check.  In my opinion, this is way out of bounds, and you may even endanger your living situation snd friendship. He is a grown man he can look for a female on his own when he is good and ready.  It's not your business to make him ready so you can serve your own selfish needs. Respect your roommates' privacy and autonomy.  Of course, if you did give you the go-ahead, then none of ehstni said applies.",2,166.0,1710069718.0,t3_1b8p9zk,t3_1b8p9zk,/r/UCSantaBarbara/comments/1b8p9zk/looking_for_someone_to_date_my_roommate_please/ku7fupy/,False,,False
kublyz2,Heliwomper,i can tell im officially old because im like wtf is a cart of weed??,2,16199.0,1710129402.0,t3_1b8p9zk,t3_1b8p9zk,/r/UCSantaBarbara/comments/1b8p9zk/looking_for_someone_to_date_my_roommate_please/kublyz2/,False,,False
kuemrtr,DinoGalaxies,"Tell him to never drop what makes him happy just for another person. If that person asks you to do that they don‚Äôt have respect for you or are really worth your time. 
Now the weed thing, thaaaat can be asked to be cut down. Like a lot. Haha Or hey if he finds someone who likes to smoke that much then go for it!

Either way I hope he finds someone sweet!",2,423.0,1710183104.0,t3_1b8p9zk,t3_1b8p9zk,/r/UCSantaBarbara/comments/1b8p9zk/looking_for_someone_to_date_my_roommate_please/kuemrtr/,False,,False
ktufymd,squirtfarts,Race? Hotness? Lmk and I‚Äôll think about it,2,1289.0,1709857823.0,t3_1b8p9zk,t3_1b8p9zk,/r/UCSantaBarbara/comments/1b8p9zk/looking_for_someone_to_date_my_roommate_please/ktufymd/,False,,False
ktvi2ic,Zarqus99,nah,1,1500.0,1709873373.0,t3_1b8p9zk,t3_1b8p9zk,/r/UCSantaBarbara/comments/1b8p9zk/looking_for_someone_to_date_my_roommate_please/ktvi2ic/,False,,False
ktvuenu,Not_HerbsMang,"Yo this is just OP, pretending to be his roommate.",1,2298.0,1709879937.0,t3_1b8p9zk,t3_1b8p9zk,/r/UCSantaBarbara/comments/1b8p9zk/looking_for_someone_to_date_my_roommate_please/ktvuenu/,False,,False
ktwuz38,CowperfluidMDPsyD,"Height not a 6, sorry.",1,2209.0,1709904377.0,t3_1b8p9zk,t3_1b8p9zk,/r/UCSantaBarbara/comments/1b8p9zk/looking_for_someone_to_date_my_roommate_please/ktwuz38/,False,,False
ktxwezm,curiousml,gulp,1,490.0,1709917863.0,t3_1b8p9zk,t3_1b8p9zk,/r/UCSantaBarbara/comments/1b8p9zk/looking_for_someone_to_date_my_roommate_please/ktxwezm/,False,,False
kty1kcl,vegforlyfe,Wish I had friends like these,1,385.0,1709919568.0,t3_1b8p9zk,t3_1b8p9zk,/r/UCSantaBarbara/comments/1b8p9zk/looking_for_someone_to_date_my_roommate_please/kty1kcl/,False,,False
ktz2yss,coachese68,"**He goes to the gym (you can't really tell by looking**

LOL whatever.",1,34211.0,1709932035.0,t3_1b8p9zk,t3_1b8p9zk,/r/UCSantaBarbara/comments/1b8p9zk/looking_for_someone_to_date_my_roommate_please/ktz2yss/,False,,False
ktz3bq9,HPCDTH,Advice: quit the LOL and limit the weed to weekends. Go out and find a gf. If u really want one they are everywhere at UCSB. All picks of the liter. Just gotta get out there‚Ä¶,1,-42.0,1709932158.0,t3_1b8p9zk,t3_1b8p9zk,/r/UCSantaBarbara/comments/1b8p9zk/looking_for_someone_to_date_my_roommate_please/ktz3bq9/,False,,False
ktz48tb,None,Dude with OP did you actually think you‚Äôd find your boy some pussy on Reddit?,1,,1709932471.0,t3_1b8p9zk,t3_1b8p9zk,/r/UCSantaBarbara/comments/1b8p9zk/looking_for_someone_to_date_my_roommate_please/ktz48tb/,False,,False
ktz8kk3,SleepLessThan3,Op are you the roommate,1,2920.0,1709933947.0,t3_1b8p9zk,t3_1b8p9zk,/r/UCSantaBarbara/comments/1b8p9zk/looking_for_someone_to_date_my_roommate_please/ktz8kk3/,False,,False
ktzb78p,booboopooh,League is the biggest existing red flag,1,1401.0,1709934851.0,t3_1b8p9zk,t3_1b8p9zk,/r/UCSantaBarbara/comments/1b8p9zk/looking_for_someone_to_date_my_roommate_please/ktzb78p/,False,,False
ku01h3t,The_Specialist_9000,He sounds like he's got potential! Why don't you date him?,1,4127.0,1709944808.0,t3_1b8p9zk,t3_1b8p9zk,/r/UCSantaBarbara/comments/1b8p9zk/looking_for_someone_to_date_my_roommate_please/ku01h3t/,False,,False
ku0glw8,NoMaterHuatt,Are you going to show up in his place if he gets cold feet,1,7637.0,1709951010.0,t3_1b8p9zk,t3_1b8p9zk,/r/UCSantaBarbara/comments/1b8p9zk/looking_for_someone_to_date_my_roommate_please/ku0glw8/,False,,False
ku0m0kw,Death_By_Dreaming_23,"Wait, hold up, just take him into IV, shop him around on DP, is Freebirds still an option, maybe Woodstock‚Äôs? I definitely know there would be someone out there for him. From an Alumni. Unless IV has dramatically changed and is lame.",1,9737.0,1709953275.0,t3_1b8p9zk,t3_1b8p9zk,/r/UCSantaBarbara/comments/1b8p9zk/looking_for_someone_to_date_my_roommate_please/ku0m0kw/,False,,False
ku0pcty,Playful-Pressure-231,ahh hell nah bro is cooked if he‚Äôs playing league,1,683.0,1709954720.0,t3_1b8p9zk,t3_1b8p9zk,/r/UCSantaBarbara/comments/1b8p9zk/looking_for_someone_to_date_my_roommate_please/ku0pcty/,False,,False
ku0tqxl,cat-protector,is he cute,1,4747.0,1709956686.0,t3_1b8p9zk,t3_1b8p9zk,/r/UCSantaBarbara/comments/1b8p9zk/looking_for_someone_to_date_my_roommate_please/ku0tqxl/,False,,False
ku0yosf,Ok_Tadpole2014,Hmm does he feel like a good downward spiral would do him good? I have someone in mind,1,1095.0,1709958989.0,t3_1b8p9zk,t3_1b8p9zk,/r/UCSantaBarbara/comments/1b8p9zk/looking_for_someone_to_date_my_roommate_please/ku0yosf/,False,,False
ku1fq3c,Broad_Bodybuilder_94,We are basically the same person. And I hate myself.,1,1626.0,1709968279.0,t3_1b8p9zk,t3_1b8p9zk,/r/UCSantaBarbara/comments/1b8p9zk/looking_for_someone_to_date_my_roommate_please/ku1fq3c/,False,,False
ku1g7fk,ACbeauty,‚ÄúCan‚Äôt tell by looking‚Äù ‚Äúpractice boyfriend‚Äù üòÇüòÇüò≠üò≠,1,13591.0,1709968573.0,t3_1b8p9zk,t3_1b8p9zk,/r/UCSantaBarbara/comments/1b8p9zk/looking_for_someone_to_date_my_roommate_please/ku1g7fk/,False,,False
ku1gqm5,Monster937,Cackling maniacally‚Ä¶. I thought I was the only one.,1,10647.0,1709968903.0,t3_1b8p9zk,t3_1b8p9zk,/r/UCSantaBarbara/comments/1b8p9zk/looking_for_someone_to_date_my_roommate_please/ku1gqm5/,False,,False
ku1j2tv,bouncyboatload,"you didn't post the most important part. 

what's his rank in league?",1,33038.0,1709970406.0,t3_1b8p9zk,t3_1b8p9zk,/r/UCSantaBarbara/comments/1b8p9zk/looking_for_someone_to_date_my_roommate_please/ku1j2tv/,False,,False
ku1owts,Apprehensive_Style57,Show his package,1,0.0,1709974262.0,t3_1b8p9zk,t3_1b8p9zk,/r/UCSantaBarbara/comments/1b8p9zk/looking_for_someone_to_date_my_roommate_please/ku1owts/,False,,False
ku1tbwt,Mysterious_Celery_29,"He brushes his teeth 3 times a day. But specifically, what are the times?",1,326.0,1709977245.0,t3_1b8p9zk,t3_1b8p9zk,/r/UCSantaBarbara/comments/1b8p9zk/looking_for_someone_to_date_my_roommate_please/ku1tbwt/,False,,False
ku21n6j,Wild-Connection-9108,Hello,1,81.0,1709982903.0,t3_1b8p9zk,t3_1b8p9zk,/r/UCSantaBarbara/comments/1b8p9zk/looking_for_someone_to_date_my_roommate_please/ku21n6j/,False,,False
ku2uwov,glorifindel,Does he know you called him a project boyfriend lol,1,20858.0,1709997106.0,t3_1b8p9zk,t3_1b8p9zk,/r/UCSantaBarbara/comments/1b8p9zk/looking_for_someone_to_date_my_roommate_please/ku2uwov/,False,,False
ku3fk3j,internetwarrior2lol,You‚Äôre not helping ur boy let him go deeper in the abyss. Let him know he‚Äôs not working on himself mentally and physically and that‚Äôs why he‚Äôs not attracting any woman. Best advice I can give as a man.,1,71.0,1710004293.0,t3_1b8p9zk,t3_1b8p9zk,/r/UCSantaBarbara/comments/1b8p9zk/looking_for_someone_to_date_my_roommate_please/ku3fk3j/,False,,False
ku3tje9,805slugz, this post is hilarious. well done OP üòÇ,1,489.0,1710008938.0,t3_1b8p9zk,t3_1b8p9zk,/r/UCSantaBarbara/comments/1b8p9zk/looking_for_someone_to_date_my_roommate_please/ku3tje9/,False,,False
ku4m2nf,cockwithaglock0124,Lost me at the homebody part,1,748.0,1710018622.0,t3_1b8p9zk,t3_1b8p9zk,/r/UCSantaBarbara/comments/1b8p9zk/looking_for_someone_to_date_my_roommate_please/ku4m2nf/,False,,False
ku576qz,seyer530,Honestly sounds kinda hot,1,3262.0,1710026416.0,t3_1b8p9zk,t3_1b8p9zk,/r/UCSantaBarbara/comments/1b8p9zk/looking_for_someone_to_date_my_roommate_please/ku576qz/,False,,False
ku58g2m,Phoebe916,I heard he‚Äôs packing 9.5 inches! üòÜ,1,,1710026933.0,t3_1b8p9zk,t3_1b8p9zk,/r/UCSantaBarbara/comments/1b8p9zk/looking_for_someone_to_date_my_roommate_please/ku58g2m/,False,,False
ku5hjog,FlyWitty,1 cart a week also?? He‚Äôs my mannnn,1,564.0,1710030683.0,t3_1b8p9zk,t3_1b8p9zk,/r/UCSantaBarbara/comments/1b8p9zk/looking_for_someone_to_date_my_roommate_please/ku5hjog/,False,,False
ku5modz,RestrictedX93,Yikes,1,19055.0,1710032815.0,t3_1b8p9zk,t3_1b8p9zk,/r/UCSantaBarbara/comments/1b8p9zk/looking_for_someone_to_date_my_roommate_please/ku5modz/,False,,False
ku5p5nq,waynpark,pics?,1,,1710033868.0,t3_1b8p9zk,t3_1b8p9zk,/r/UCSantaBarbara/comments/1b8p9zk/looking_for_someone_to_date_my_roommate_please/ku5p5nq/,False,,False
ku5uo98,Nate-Nismo,What‚Äôs his investment portfolio looking like?,1,102.0,1710036224.0,t3_1b8p9zk,t3_1b8p9zk,/r/UCSantaBarbara/comments/1b8p9zk/looking_for_someone_to_date_my_roommate_please/ku5uo98/,False,,False
ku64hmw,corianderjimbro,I can‚Äôt make any recommendations without knowing exact length and girth in inches.,1,10027.0,1710040565.0,t3_1b8p9zk,t3_1b8p9zk,/r/UCSantaBarbara/comments/1b8p9zk/looking_for_someone_to_date_my_roommate_please/ku64hmw/,False,,False
ku6x4qd,None,Does he shower at night,1,,1710056125.0,t3_1b8p9zk,t3_1b8p9zk,/r/UCSantaBarbara/comments/1b8p9zk/looking_for_someone_to_date_my_roommate_please/ku6x4qd/,False,,False
ku71raw,MaxRideout,"My suggestion if you're really committed to helping him in this regard would be to get him to cut out that insufferable high-school boy stuff - learn to train properly in the gym (if he's going that often and doing it right, it should be noticeable), broaden his activities beyond LoL, and most of all cut out the stoner BS and do some introspection about why he leans on that crutch and what his priorities and values truly are. The best way to improve his chance to be with others is for him to improve himself, especially if he wants to be in a mutually beneficial and healthy relationship, not just with someone who'll enable him to avoid personal growth.

(Also, brushing that often every day is just hard on your teeth and gums. If that much brushing feels necessary, it'd be better to figure out and correct what's causing it to feel necessary - perhaps the copius weed intake and presumably significant consumption of unhealthy snacks?)",1,115.0,1710059405.0,t3_1b8p9zk,t3_1b8p9zk,/r/UCSantaBarbara/comments/1b8p9zk/looking_for_someone_to_date_my_roommate_please/ku71raw/,False,,False
ku7ne0r,Excellent-Health4232,I love this on so many levels,1,2.0,1710074340.0,t3_1b8p9zk,t3_1b8p9zk,/r/UCSantaBarbara/comments/1b8p9zk/looking_for_someone_to_date_my_roommate_please/ku7ne0r/,False,,False
ku87wni,Aware_Evening_2391,not you pimping out your roommate,1,26.0,1710083650.0,t3_1b8p9zk,t3_1b8p9zk,/r/UCSantaBarbara/comments/1b8p9zk/looking_for_someone_to_date_my_roommate_please/ku87wni/,False,,False
ku9vkfb,None,What‚Äôs HIS type?,1,,1710104784.0,t3_1b8p9zk,t3_1b8p9zk,/r/UCSantaBarbara/comments/1b8p9zk/looking_for_someone_to_date_my_roommate_please/ku9vkfb/,False,,False
kub2nb0,anilucy,i don‚Äôt go to ucsb but this made me laugh so hard thank you i hope he finds someone :),1,2652.0,1710120944.0,t3_1b8p9zk,t3_1b8p9zk,/r/UCSantaBarbara/comments/1b8p9zk/looking_for_someone_to_date_my_roommate_please/kub2nb0/,False,,False
kubyc93,TurquoiseRanger,Sounds promisingüòÇ,1,1305.0,1710136563.0,t3_1b8p9zk,t3_1b8p9zk,/r/UCSantaBarbara/comments/1b8p9zk/looking_for_someone_to_date_my_roommate_please/kubyc93/,False,,False
kuc1ndy,maxwelllllllllllllll,Dog you had to know what this was gonna be when you posted this ...right? üòÖüòÖ,1,839.0,1710138852.0,t3_1b8p9zk,t3_1b8p9zk,/r/UCSantaBarbara/comments/1b8p9zk/looking_for_someone_to_date_my_roommate_please/kuc1ndy/,False,,False
kuc28xp,69bbygirl420,Drop the discord,1,6.0,1710139279.0,t3_1b8p9zk,t3_1b8p9zk,/r/UCSantaBarbara/comments/1b8p9zk/looking_for_someone_to_date_my_roommate_please/kuc28xp/,False,,False
kuc2gvf,AHDONTLOOK,Uhhh we could be friends?,1,0.0,1710139443.0,t3_1b8p9zk,t3_1b8p9zk,/r/UCSantaBarbara/comments/1b8p9zk/looking_for_someone_to_date_my_roommate_please/kuc2gvf/,False,,False
kuca25b,Namingwayz,"*project boyfriend

That sounds bad to me. Like, people aren't a project, they're a person. Treat them with respect and compromise on things instead of treating them like a project or an experiment.",1,8090.0,1710145219.0,t3_1b8p9zk,t3_1b8p9zk,/r/UCSantaBarbara/comments/1b8p9zk/looking_for_someone_to_date_my_roommate_please/kuca25b/,False,,False
kucn741,HorseofTruth,Does he like men or women? He‚Äôs my type 100%,1,7759.0,1710154898.0,t3_1b8p9zk,t3_1b8p9zk,/r/UCSantaBarbara/comments/1b8p9zk/looking_for_someone_to_date_my_roommate_please/kucn741/,False,,False
kudcuko,mtbjay10,Why does this feel like the dude posted this himself pretending to be a roommate vouching for him. It probably is,1,4291.0,1710167264.0,t3_1b8p9zk,t3_1b8p9zk,/r/UCSantaBarbara/comments/1b8p9zk/looking_for_someone_to_date_my_roommate_please/kudcuko/,False,,False
kudv4kx,l_JRGn_l,Sounds like you want your roommate,1,447.0,1710173874.0,t3_1b8p9zk,t3_1b8p9zk,/r/UCSantaBarbara/comments/1b8p9zk/looking_for_someone_to_date_my_roommate_please/kudv4kx/,False,,False
kue9by9,TheGoyBoy,I‚Äôm not gay but holy shit im foaming at the mouth.,1,2051.0,1710178618.0,t3_1b8p9zk,t3_1b8p9zk,/r/UCSantaBarbara/comments/1b8p9zk/looking_for_someone_to_date_my_roommate_please/kue9by9/,False,,False
kuebr37,Kathiisu,"‚ÄúSometimes people have a second vice‚Äù that‚Äôs hilarious, also if he plays so much league is he at a high rank at least? üòÇ",1,13531.0,1710179426.0,t3_1b8p9zk,t3_1b8p9zk,/r/UCSantaBarbara/comments/1b8p9zk/looking_for_someone_to_date_my_roommate_please/kuebr37/,False,,False
kueh3rp,Frosty_Time295,"Red flags: the video games, the smoking, always being high, watching anime and k-dramas",1,380.0,1710181220.0,t3_1b8p9zk,t3_1b8p9zk,/r/UCSantaBarbara/comments/1b8p9zk/looking_for_someone_to_date_my_roommate_please/kueh3rp/,False,,False
kueh8jk,0verthetop90s,Holly Molly ima Pimp out my roommate too,1,0.0,1710181264.0,t3_1b8p9zk,t3_1b8p9zk,/r/UCSantaBarbara/comments/1b8p9zk/looking_for_someone_to_date_my_roommate_please/kueh8jk/,False,,False
kuehrc6,Traditional_Risk_150,wish someone can do this for meüò≠üò≠,1,1029.0,1710181438.0,t3_1b8p9zk,t3_1b8p9zk,/r/UCSantaBarbara/comments/1b8p9zk/looking_for_someone_to_date_my_roommate_please/kuehrc6/,False,,False
kueli7d,bluegal2007,How old is he?,1,17.0,1710182689.0,t3_1b8p9zk,t3_1b8p9zk,/r/UCSantaBarbara/comments/1b8p9zk/looking_for_someone_to_date_my_roommate_please/kueli7d/,False,,False
kuelr0q,bluegal2007,He‚Äôs never going to have a real relationship if he smokes that much pot.,1,17.0,1710182769.0,t3_1b8p9zk,t3_1b8p9zk,/r/UCSantaBarbara/comments/1b8p9zk/looking_for_someone_to_date_my_roommate_please/kuelr0q/,False,,False
kueotsq,toxboxdevil,">He is good at watching TV

Like it's a skill or something",1,12187.0,1710183775.0,t3_1b8p9zk,t3_1b8p9zk,/r/UCSantaBarbara/comments/1b8p9zk/looking_for_someone_to_date_my_roommate_please/kueotsq/,False,,False
kuew3he,Offsuitmavs,Bro sounds acoustic,1,5.0,1710186163.0,t3_1b8p9zk,t3_1b8p9zk,/r/UCSantaBarbara/comments/1b8p9zk/looking_for_someone_to_date_my_roommate_please/kuew3he/,False,,False
kuf3kvm,TalkingElmo,![gif](giphy|HxMhuDg7O4pKOhhcRC),1,1215.0,1710188620.0,t3_1b8p9zk,t3_1b8p9zk,/r/UCSantaBarbara/comments/1b8p9zk/looking_for_someone_to_date_my_roommate_please/kuf3kvm/,False,,False
kuf3mi2,Fresh_Carpenter_8920,Stoned brainiac is not a vice‚Ä¶ sounds to me he is chill and smart. Too bad he‚Äôs a bit short for my taste. What does he look like? How is his relationship with his mom? Does he have e siblings? Dating history?,1,62.0,1710188635.0,t3_1b8p9zk,t3_1b8p9zk,/r/UCSantaBarbara/comments/1b8p9zk/looking_for_someone_to_date_my_roommate_please/kuf3mi2/,False,,False
kufatdj,Ragnarock14,Tell him to touch grass,1,14144.0,1710190980.0,t3_1b8p9zk,t3_1b8p9zk,/r/UCSantaBarbara/comments/1b8p9zk/looking_for_someone_to_date_my_roommate_please/kufatdj/,False,,False
kufe7f2,Complete_Lecture7254,does he like black women tho?? asking for myself,1,5.0,1710192109.0,t3_1b8p9zk,t3_1b8p9zk,/r/UCSantaBarbara/comments/1b8p9zk/looking_for_someone_to_date_my_roommate_please/kufe7f2/,False,,False
kufknsi,TheBubblewrappe,The bar is so low ‚Ä¶.,1,35754.0,1710194269.0,t3_1b8p9zk,t3_1b8p9zk,/r/UCSantaBarbara/comments/1b8p9zk/looking_for_someone_to_date_my_roommate_please/kufknsi/,False,,False
kug6zw0,JaysterSF,I bought some crack from a bottlehead outside of a computer store.,1,2013.0,1710202430.0,t3_1b8p9zk,t3_1b8p9zk,/r/UCSantaBarbara/comments/1b8p9zk/looking_for_someone_to_date_my_roommate_please/kug6zw0/,False,,False
kug8jy9,Ionferneo,"Man, I don‚Äôt even go to this school but I wanna see some updates",1,258.0,1710203022.0,t3_1b8p9zk,t3_1b8p9zk,/r/UCSantaBarbara/comments/1b8p9zk/looking_for_someone_to_date_my_roommate_please/kug8jy9/,False,,False
kugdqsx,Gammagammahey,"so you want to find someone to date your stoner gamer, clean roommate? Can you tell us about his personality? What does he like to do outside of the things that you mentioned, is he kind, is he gentle, is he more of a dominant type, is he energetic, is he introverted, extroverted,both or neither, that kind of thing. What does he look for an a partner? What are his life plans?",1,103265.0,1710204967.0,t3_1b8p9zk,t3_1b8p9zk,/r/UCSantaBarbara/comments/1b8p9zk/looking_for_someone_to_date_my_roommate_please/kugdqsx/,False,,False
kugfuwr,Infamous_Stop_8282,There's something about the people in Santa Barbara that will literally date anyone... so if he's not taken there's a problem within him..,1,4519.0,1710205767.0,t3_1b8p9zk,t3_1b8p9zk,/r/UCSantaBarbara/comments/1b8p9zk/looking_for_someone_to_date_my_roommate_please/kugfuwr/,False,,False
kugilq6,Every-Document9702,Dm me,1,0.0,1710206759.0,t3_1b8p9zk,t3_1b8p9zk,/r/UCSantaBarbara/comments/1b8p9zk/looking_for_someone_to_date_my_roommate_please/kugilq6/,False,,False
kugkjsq,NormalRadish5498,"Smh, unfortunately I‚Äôm in the SF valley. Who does he main on league?",1,24.0,1710207486.0,t3_1b8p9zk,t3_1b8p9zk,/r/UCSantaBarbara/comments/1b8p9zk/looking_for_someone_to_date_my_roommate_please/kugkjsq/,False,,False
kugkkzn,Y_DoesItHave2B4ever,My friend said wtf is he gay?? I got somebody incarcerated but will be out soon lol,1,328.0,1710207498.0,t3_1b8p9zk,t3_1b8p9zk,/r/UCSantaBarbara/comments/1b8p9zk/looking_for_someone_to_date_my_roommate_please/kugkkzn/,False,,False
ldqssp4,Easy-Beyond8453,He still available? Transferring this fall lol¬†,1,0.0,1721292511.0,t3_1b8p9zk,t3_1b8p9zk,/r/UCSantaBarbara/comments/1b8p9zk/looking_for_someone_to_date_my_roommate_please/ldqssp4/,False,,False
ktr0084,UslashWheat,"Christ brother, are you finding your friend a girlfriend or a dog sitter ? This pair of vices would have a man institutionalized in the 80s . He doesn't need a woman, he needs to be exorcised .",1,651.0,1709808909.0,t3_1b8p9zk,t3_1b8p9zk,/r/UCSantaBarbara/comments/1b8p9zk/looking_for_someone_to_date_my_roommate_please/ktr0084/,False,,False
ku1xwdt,BlindWillieMcTell8,The person you‚Äôre describing is an incel and likely to stay that way for the duration of his college experience.,0,-100.0,1709980361.0,t3_1b8p9zk,t3_1b8p9zk,/r/UCSantaBarbara/comments/1b8p9zk/looking_for_someone_to_date_my_roommate_please/ku1xwdt/,False,,False
ku3bj0m,Superb-Resolve-1527,Hey hit me up. :),0,9.0,1710002946.0,t3_1b8p9zk,t3_1b8p9zk,/r/UCSantaBarbara/comments/1b8p9zk/looking_for_someone_to_date_my_roommate_please/ku3bj0m/,False,,False
ku5ijr8,ADyingCrow,Corny ass post,0,3546.0,1710031095.0,t3_1b8p9zk,t3_1b8p9zk,/r/UCSantaBarbara/comments/1b8p9zk/looking_for_someone_to_date_my_roommate_please/ku5ijr8/,False,,False
ktx0l7q,DaD4_Short,"Enjoys talking about Computer Science and Math is pretty much a pussy repellent ü§£ü§£
It's pretty much why you've had to result to posting this add.",-2,281.0,1709906713.0,t3_1b8p9zk,t3_1b8p9zk,/r/UCSantaBarbara/comments/1b8p9zk/looking_for_someone_to_date_my_roommate_please/ktx0l7q/,False,,False
ktqxegj,DGJett,you just like me fr,13,7520.0,1709807105.0,t1_ktqrtl3,t3_1b8p9zk,/r/UCSantaBarbara/comments/1b8p9zk/looking_for_someone_to_date_my_roommate_please/ktqxegj/,False,,False
kuaz4df,rickydillman,league biggest üö©üö©(I just pentakilled on ryze),2,6168.0,1710119540.0,t1_ktqrtl3,t3_1b8p9zk,/r/UCSantaBarbara/comments/1b8p9zk/looking_for_someone_to_date_my_roommate_please/kuaz4df/,False,,False
ktuq7ni,alligator_boots,I've heard positive reviews so potentially yes,49,38129.0,1709861878.0,t1_ktr0t52,t3_1b8p9zk,/r/UCSantaBarbara/comments/1b8p9zk/looking_for_someone_to_date_my_roommate_please/ktuq7ni/,True,,False
ktrw1jr,ortega_chicken,ü§®,20,632.0,1709823898.0,t1_ktr0t52,t3_1b8p9zk,/r/UCSantaBarbara/comments/1b8p9zk/looking_for_someone_to_date_my_roommate_please/ktrw1jr/,False,,False
ktxtdmb,Ok-Run-7792,How Old is he,3,7.0,1709916856.0,t1_ktr0t52,t3_1b8p9zk,/r/UCSantaBarbara/comments/1b8p9zk/looking_for_someone_to_date_my_roommate_please/ktxtdmb/,False,,False
ku6wl2z,None,[deleted],2,,1710055753.0,t1_ktr0t52,t3_1b8p9zk,/r/UCSantaBarbara/comments/1b8p9zk/looking_for_someone_to_date_my_roommate_please/ku6wl2z/,False,,False
kuemaom,onleesams,Still meaningless if they don‚Äôt know how to use it tho‚Ä¶,1,304.0,1710182948.0,t1_ktr0t52,t3_1b8p9zk,/r/UCSantaBarbara/comments/1b8p9zk/looking_for_someone_to_date_my_roommate_please/kuemaom/,False,,False
ku9uo52,PeelarSanchez,"Reminds me of the joke, ‚ÄúWhat do gay men bring on a second date? WHAT SECOND DATE?‚Äù üòÇ",3,89.0,1710104477.0,t1_ktqoi1i,t3_1b8p9zk,/r/UCSantaBarbara/comments/1b8p9zk/looking_for_someone_to_date_my_roommate_please/ku9uo52/,False,,False
ktqvykp,yepyepaux,Real,2,311.0,1709806061.0,t1_ktqr35j,t3_1b8p9zk,/r/UCSantaBarbara/comments/1b8p9zk/looking_for_someone_to_date_my_roommate_please/ktqvykp/,False,,False
ktvxcrc,jakeuser100,What is gymflation,2,6128.0,1709881784.0,t1_ktqr35j,t3_1b8p9zk,/r/UCSantaBarbara/comments/1b8p9zk/looking_for_someone_to_date_my_roommate_please/ktvxcrc/,False,,False
ku912zg,astraeussss,Gymflation is a myth. Only ~20-25% of U.S. males are physically fit.,2,1.0,1710094032.0,t1_ktqr35j,t3_1b8p9zk,/r/UCSantaBarbara/comments/1b8p9zk/looking_for_someone_to_date_my_roommate_please/ku912zg/,False,,False
ktuun68,alligator_boots,I told him I would help wingman for him I just didn't tell him how,43,38129.0,1709863619.0,t1_ktqvxth,t3_1b8p9zk,/r/UCSantaBarbara/comments/1b8p9zk/looking_for_someone_to_date_my_roommate_please/ktuun68/,True,,False
kttpe3n,L3AVEMDEAD,woosh,7,12340.0,1709847325.0,t1_ktqpqo5,t3_1b8p9zk,/r/UCSantaBarbara/comments/1b8p9zk/looking_for_someone_to_date_my_roommate_please/kttpe3n/,False,,False
ktrbfjv,BearsBeetsBttlstarrG,"Came her to say this

Edit: haha I meant ‚Äúhere‚Äù",10,106051.0,1709815436.0,t1_ktqpqo5,t3_1b8p9zk,/r/UCSantaBarbara/comments/1b8p9zk/looking_for_someone_to_date_my_roommate_please/ktrbfjv/,False,,False
ktyxg0k,WhiteMenEnergy,They already said they told him they‚Äôre helping wingman for him,2,2909.0,1709930171.0,t1_ktqpqo5,t3_1b8p9zk,/r/UCSantaBarbara/comments/1b8p9zk/looking_for_someone_to_date_my_roommate_please/ktyxg0k/,False,,False
ktzbbot,booboopooh,Gottem,1,1401.0,1709934894.0,t1_ktsy81x,t3_1b8p9zk,/r/UCSantaBarbara/comments/1b8p9zk/looking_for_someone_to_date_my_roommate_please/ktzbbot/,False,,False
ku8ebsx,None,Perfect Usage ![gif](emote|free_emotes_pack|grin),1,,1710086091.0,t1_ktt0lem,t3_1b8p9zk,/r/UCSantaBarbara/comments/1b8p9zk/looking_for_someone_to_date_my_roommate_please/ku8ebsx/,False,,False
kubyihv,Minute-Stuff-82,"Yeah, series of ""I have a friend""",1,87.0,1710136682.0,t1_ktt0lem,t3_1b8p9zk,/r/UCSantaBarbara/comments/1b8p9zk/looking_for_someone_to_date_my_roommate_please/kubyihv/,False,,False
ku57arr,TrueSniver,This!,1,15505.0,1710026461.0,t1_kttzwm4,t3_1b8p9zk,/r/UCSantaBarbara/comments/1b8p9zk/looking_for_someone_to_date_my_roommate_please/ku57arr/,False,,False
ktwvjov,lucasblack23456,"Girls are temporary, league is forever",8,3630.0,1709904624.0,t1_ktskm1j,t3_1b8p9zk,/r/UCSantaBarbara/comments/1b8p9zk/looking_for_someone_to_date_my_roommate_please/ktwvjov/,False,,False
kty487r,alligator_boots,This is a wonderful idea actually,8,38129.0,1709920441.0,t1_ktwzyhp,t3_1b8p9zk,/r/UCSantaBarbara/comments/1b8p9zk/looking_for_someone_to_date_my_roommate_please/kty487r/,True,,False
ku3wfa8,Liberty53000,Everything was going smoothly until I read 'want a project'... OP should've omitted that.,5,37557.0,1710009894.0,t1_ktv0s7h,t3_1b8p9zk,/r/UCSantaBarbara/comments/1b8p9zk/looking_for_someone_to_date_my_roommate_please/ku3wfa8/,False,,False
ku1obrq,lasciviousyessi,"Haha it sure has! All the nerds/gamers used to get some action biweekly, AT LEAST. No Reddit wingman needed.",3,18.0,1709973872.0,t1_kttse3p,t3_1b8p9zk,/r/UCSantaBarbara/comments/1b8p9zk/looking_for_someone_to_date_my_roommate_please/ku1obrq/,False,,False
ktvt27p,alligator_boots,Yeah he's pretty open minded,2,38129.0,1709879118.0,t1_ktvgnil,t3_1b8p9zk,/r/UCSantaBarbara/comments/1b8p9zk/looking_for_someone_to_date_my_roommate_please/ktvt27p/,True,,False
ktys4xh,NicfiendMonster,Ma‚Äôam I also need a milf.,2,,1709928385.0,t1_ktvgnil,t3_1b8p9zk,/r/UCSantaBarbara/comments/1b8p9zk/looking_for_someone_to_date_my_roommate_please/ktys4xh/,False,,False
ktz1le8,None,[deleted],2,,1709931568.0,t1_ktvgnil,t3_1b8p9zk,/r/UCSantaBarbara/comments/1b8p9zk/looking_for_someone_to_date_my_roommate_please/ktz1le8/,False,,False
ku5dlzp,Emotional_Box5310,I second that! Lol,1,0.0,1710029058.0,t1_ktvgnil,t3_1b8p9zk,/r/UCSantaBarbara/comments/1b8p9zk/looking_for_someone_to_date_my_roommate_please/ku5dlzp/,False,,False
ktutopa,alligator_boots,No I just want shared custody instead of full,30,38129.0,1709863241.0,t1_ktrbkgq,t3_1b8p9zk,/r/UCSantaBarbara/comments/1b8p9zk/looking_for_someone_to_date_my_roommate_please/ktutopa/,True,,False
ktutftr,alligator_boots,I have watched many shows with him. he is quite talented at it if I do say so myself,22,38129.0,1709863144.0,t1_ktu7lps,t3_1b8p9zk,/r/UCSantaBarbara/comments/1b8p9zk/looking_for_someone_to_date_my_roommate_please/ktutftr/,True,,False
ktv31jd,halfasianprincess,New skill unlocked,5,10173.0,1709866951.0,t1_ktu7lps,t3_1b8p9zk,/r/UCSantaBarbara/comments/1b8p9zk/looking_for_someone_to_date_my_roommate_please/ktv31jd/,False,,False
ktthxpc,Inevitable_Box_3003,Did u not see the league of legends part?,44,,1709844796.0,t1_ktt5h0l,t3_1b8p9zk,/r/UCSantaBarbara/comments/1b8p9zk/looking_for_someone_to_date_my_roommate_please/ktthxpc/,False,,False
ktu54ow,None,"That‚Äôs the thing, it‚Äôs like when you invest in a low priced stock, it maybe low now but it has the potential to increase",8,,1709852716.0,t1_ktt5h0l,t3_1b8p9zk,/r/UCSantaBarbara/comments/1b8p9zk/looking_for_someone_to_date_my_roommate_please/ktu54ow/,False,,False
ktw3axx,Glum-Mistake-1020,I second that,1,29.0,1709885794.0,t1_ktvt4de,t3_1b8p9zk,/r/UCSantaBarbara/comments/1b8p9zk/looking_for_someone_to_date_my_roommate_please/ktw3axx/,False,,False
ktx0wms,neveragain444,"I‚Äôm out of the loop, can you explain why?",1,14425.0,1709906839.0,t1_ktvt4de,t3_1b8p9zk,/r/UCSantaBarbara/comments/1b8p9zk/looking_for_someone_to_date_my_roommate_please/ktx0wms/,False,,False
l2p92jh,joedaddy619,I am!,1,395.0,1714924300.0,t1_ku58g2m,t3_1b8p9zk,/r/UCSantaBarbara/comments/1b8p9zk/looking_for_someone_to_date_my_roommate_please/l2p92jh/,False,,False
ktvsgfa,Immediate_Piece_8245,underrated comment,1,10.0,1709878762.0,t1_ktr0084,t3_1b8p9zk,/r/UCSantaBarbara/comments/1b8p9zk/looking_for_someone_to_date_my_roommate_please/ktvsgfa/,False,,False
ktv62f3,BirdyDoodoo,"hearing is not enough, OP. can you confirm for us?",35,1858.0,1709868163.0,t1_ktuq7ni,t3_1b8p9zk,/r/UCSantaBarbara/comments/1b8p9zk/looking_for_someone_to_date_my_roommate_please/ktv62f3/,False,,False
ktsijab,nick130,There would be a bunch of people instantly interested if he is packing lol,31,4251.0,1709831937.0,t1_ktrw1jr,t3_1b8p9zk,/r/UCSantaBarbara/comments/1b8p9zk/looking_for_someone_to_date_my_roommate_please/ktsijab/,False,,False
ku6gcsd,sugarrushhh,Legal age,2,2.0,1710046239.0,t1_ktxtdmb,t3_1b8p9zk,/r/UCSantaBarbara/comments/1b8p9zk/looking_for_someone_to_date_my_roommate_please/ku6gcsd/,False,,False
ku86p51,RealPVS,"I looked, and you are right. Hey, everyone has something they like I guess.",1,4317.0,1710083179.0,t1_ku6wl2z,t3_1b8p9zk,/r/UCSantaBarbara/comments/1b8p9zk/looking_for_someone_to_date_my_roommate_please/ku86p51/,False,,False
ku8iagb,raman11776,üòÇüòÇ,1,4249.0,1710087529.0,t1_ku6wl2z,t3_1b8p9zk,/r/UCSantaBarbara/comments/1b8p9zk/looking_for_someone_to_date_my_roommate_please/ku8iagb/,False,,False
ku9khxo,None,[deleted],0,,1710100903.0,t1_ku6wl2z,t3_1b8p9zk,/r/UCSantaBarbara/comments/1b8p9zk/looking_for_someone_to_date_my_roommate_please/ku9khxo/,False,,False
ktw175n,None,"Basically the idea that as more and more young men are hitting the gym, the less you‚Äôll stand out by doing so",7,,1709884340.0,t1_ktvxcrc,t3_1b8p9zk,/r/UCSantaBarbara/comments/1b8p9zk/looking_for_someone_to_date_my_roommate_please/ktw175n/,False,,False
kubvlmd,None,"Young adult males? And still, that‚Äôs a high average. Imagine how little it‚Äôd affect life if only 25% of women were decent looking, there still wouldn‚Äôt be much to stand out against",2,,1710134794.0,t1_ku912zg,t3_1b8p9zk,/r/UCSantaBarbara/comments/1b8p9zk/looking_for_someone_to_date_my_roommate_please/kubvlmd/,False,,False
ku4qm48,sharksmhail,"That is so valid- 

I love coming onto reddit. You never know what your gonna read<3 ü§£",2,162.0,1710020250.0,t1_ktuun68,t3_1b8p9zk,/r/UCSantaBarbara/comments/1b8p9zk/looking_for_someone_to_date_my_roommate_please/ku4qm48/,False,,False
kuemxj2,DinoGalaxies,Oh my god hell yea. Hahaha best wingman.,1,423.0,1710183155.0,t1_ktuun68,t3_1b8p9zk,/r/UCSantaBarbara/comments/1b8p9zk/looking_for_someone_to_date_my_roommate_please/kuemxj2/,False,,False
ktu026p,Zorronin,u did what to her??,2,50275.0,1709850911.0,t1_ktrbfjv,t3_1b8p9zk,/r/UCSantaBarbara/comments/1b8p9zk/looking_for_someone_to_date_my_roommate_please/ktu026p/,False,,False
ktyxpzl,OkTransportation1622,Yeah ‚Äúwing man‚Äù is code for ‚ÄúI want the place to myself so I‚Äôm gonna pimp out my roommate‚Äù,7,3401.0,1709930264.0,t1_ktyxg0k,t3_1b8p9zk,/r/UCSantaBarbara/comments/1b8p9zk/looking_for_someone_to_date_my_roommate_please/ktyxpzl/,False,,False
kufeg9e,SeaworthinessDeep346,‚ÄúLeague is forever‚Äù [period],1,3.0,1710192190.0,t1_ktwvjov,t3_1b8p9zk,/r/UCSantaBarbara/comments/1b8p9zk/looking_for_someone_to_date_my_roommate_please/kufeg9e/,False,,False
ku7t2hi,magnus_car_ta,"Maybe she was just trying to appeal to the HGTV ladies of reddit.

Just think of him like he's a fixer-upper starter home... with a weed problem.",3,347.0,1710077266.0,t1_ku3wfa8,t3_1b8p9zk,/r/UCSantaBarbara/comments/1b8p9zk/looking_for_someone_to_date_my_roommate_please/ku7t2hi/,False,,False
ku33hvo,kegman83,You are gunna wanna up that number a bit to get to my expectations of what life in IV was like.,1,297454.0,1710000181.0,t1_ku1obrq,t3_1b8p9zk,/r/UCSantaBarbara/comments/1b8p9zk/looking_for_someone_to_date_my_roommate_please/ku33hvo/,False,,False
ktwn4zk,Yottoisthe_motto,What's his ethnicity?,1,2096.0,1709900603.0,t1_ktvt27p,t3_1b8p9zk,/r/UCSantaBarbara/comments/1b8p9zk/looking_for_someone_to_date_my_roommate_please/ktwn4zk/,False,,False
ku1can8,Remote-Dangerous,this made me cackle,3,603.0,1709966195.0,t1_ktutopa,t3_1b8p9zk,/r/UCSantaBarbara/comments/1b8p9zk/looking_for_someone_to_date_my_roommate_please/ku1can8/,False,,False
ktuua5w,BearsBeetsBttlstarrG,üíÄüíÄ,2,106051.0,1709863475.0,t1_ktutopa,t3_1b8p9zk,/r/UCSantaBarbara/comments/1b8p9zk/looking_for_someone_to_date_my_roommate_please/ktuua5w/,False,,False
ktz7bs5,Justjoshinya1023,Any prerequisites I need?,1,2030.0,1709933525.0,t1_ktv31jd,t3_1b8p9zk,/r/UCSantaBarbara/comments/1b8p9zk/looking_for_someone_to_date_my_roommate_please/ktz7bs5/,False,,False
ktwvoho,lucasblack23456,If he hits diamond,3,3630.0,1709904683.0,t1_ktu54ow,t3_1b8p9zk,/r/UCSantaBarbara/comments/1b8p9zk/looking_for_someone_to_date_my_roommate_please/ktwvoho/,False,,False
ktxx2ou,blenderplays,League players usually have 3000 hours on the game within 1 year lol. Sucks you in. Ever watched the South Park episode about it?,1,258.0,1709918085.0,t1_ktx0wms,t3_1b8p9zk,/r/UCSantaBarbara/comments/1b8p9zk/looking_for_someone_to_date_my_roommate_please/ktxx2ou/,False,,False
ktxyjsu,grayayayce,"It‚Äôs an extremely addictive game and the people who play tend to be consumed by it. My boyfriend is literally like an alcoholic with it, like goes through cycles where he‚Äôs addicted for some long period of time then he‚Äôs like ‚Äúthis is so bad for my life and I need to quit‚Äù and deletes and becomes a real person again for a month, but then goes right back :‚Äô) lol 
Obviously that isn‚Äôt every person but given the thread it seems to be the norm lmao",1,112.0,1709918576.0,t1_ktx0wms,t3_1b8p9zk,/r/UCSantaBarbara/comments/1b8p9zk/looking_for_someone_to_date_my_roommate_please/ktxyjsu/,False,,False
ktvzpdy,UslashWheat,that's my profession,1,651.0,1709883331.0,t1_ktvsgfa,t3_1b8p9zk,/r/UCSantaBarbara/comments/1b8p9zk/looking_for_someone_to_date_my_roommate_please/ktvzpdy/,False,,False
ku1g5xc,ACbeauty,Try it out for us,13,13591.0,1709968547.0,t1_ktv62f3,t3_1b8p9zk,/r/UCSantaBarbara/comments/1b8p9zk/looking_for_someone_to_date_my_roommate_please/ku1g5xc/,False,,False
ktvgl2z,Yottoisthe_motto,I second this,3,2096.0,1709872678.0,t1_ktv62f3,t3_1b8p9zk,/r/UCSantaBarbara/comments/1b8p9zk/looking_for_someone_to_date_my_roommate_please/ktvgl2z/,False,,False
kucmmkb,FCBarca1984,Yeah that‚Äôs more weird lol,1,15684.0,1710154525.0,t1_ku9khxo,t3_1b8p9zk,/r/UCSantaBarbara/comments/1b8p9zk/looking_for_someone_to_date_my_roommate_please/kucmmkb/,False,,False
ktu6cud,BearsBeetsBttlstarrG,"Lol

Get your mind out of the gutter! üòÇ",1,106051.0,1709853232.0,t1_ktu026p,t3_1b8p9zk,/r/UCSantaBarbara/comments/1b8p9zk/looking_for_someone_to_date_my_roommate_please/ktu6cud/,False,,False
ktzixkj,Professional-Low-245,lol is it really pimping if there are no buyers? now i agree his intentions are not at all for his buddy but it seems that the guy is interested in potential companionship.,2,603.0,1709937592.0,t1_ktyxpzl,t3_1b8p9zk,/r/UCSantaBarbara/comments/1b8p9zk/looking_for_someone_to_date_my_roommate_please/ktzixkj/,False,,False
ku6y3e0,lasciviousyessi,lol I guess I missed out on crazy-orgy-IV too,3,18.0,1710056799.0,t1_ku33hvo,t3_1b8p9zk,/r/UCSantaBarbara/comments/1b8p9zk/looking_for_someone_to_date_my_roommate_please/ku6y3e0/,False,,False
ktxwxfk,blenderplays,Huh???????,7,258.0,1709918036.0,t1_ktwn4zk,t3_1b8p9zk,/r/UCSantaBarbara/comments/1b8p9zk/looking_for_someone_to_date_my_roommate_please/ktxwxfk/,False,,False
ku0uikf,None,ayo ‚ò†Ô∏è,2,,1709957033.0,t1_ktwn4zk,t3_1b8p9zk,/r/UCSantaBarbara/comments/1b8p9zk/looking_for_someone_to_date_my_roommate_please/ku0uikf/,False,,False
ku303iz,halfasianprincess,Ocular Vision 202,1,10173.0,1709998991.0,t1_ktz7bs5,t3_1b8p9zk,/r/UCSantaBarbara/comments/1b8p9zk/looking_for_someone_to_date_my_roommate_please/ku303iz/,False,,False
ktx70c8,Immediate_Piece_8245,people don't understand sarcasm,2,10.0,1709909185.0,t1_ktvzpdy,t3_1b8p9zk,/r/UCSantaBarbara/comments/1b8p9zk/looking_for_someone_to_date_my_roommate_please/ktx70c8/,False,,False
kucpusz,oregonguy96,The ironyüòÇ,1,6381.0,1710156537.0,t1_kucmmkb,t3_1b8p9zk,/r/UCSantaBarbara/comments/1b8p9zk/looking_for_someone_to_date_my_roommate_please/kucpusz/,False,,False
ku1in3x,Trick-Instruction788,Pandering,2,31.0,1709970123.0,t1_ktzixkj,t3_1b8p9zk,/r/UCSantaBarbara/comments/1b8p9zk/looking_for_someone_to_date_my_roommate_please/ku1in3x/,False,,False
